SCHOOLPULS TECHNOLOGIES PVT LTD — FINANCIAL MODEL,,,,,,,,,,,,,,,
Seed Round 2026 | Confidential,,,,,,,,,,,,,,,
All figures in Indian Rupees (₹) unless stated,,,,,,,,,,,,,,,
,,,,,,,,,,,,,,,
,,,,,,,,,,,,,,,
================== SECTION 1: KEY ASSUMPTIONS ==================,,,,,,,,,,,,,,,
,,,,,,,,,,,,,,,
Funding Raised (₹),20000000,,,,,,,,,,,,,,
Funding Date,Month 1,,,,,,,,,,,,,,
,,,,,,,,,,,,,,,
Pricing Plans,Monthly Price (₹),Target Mix %,,,,,,,,,,,,,
Starter (1 class),3000,20%,,,,,,,,,,,,,
School Plan (10 classes),15000,70%,,,,,,,,,,,,,
Full Campus (unlimited),40000,10%,,,,,,,,,,,,,
Blended Avg Revenue Per School / Month (₹),12500,,,,,,,,,,,,,
(conservative model uses ₹8000 growing to ₹12500 by M12),,,,,,,,,,,,,,,,
,,,,,,,,,,,,,,,
Churn Rate,0%,,,,,,,,,,,,,,
(based on 0% observed churn in live pilot),,,,,,,,,,,,,,,,
,,,,,,,,,,,,,,,
Sales Cycle,30 days,,,,,,,,,,,,,,
Onboarding Time,7 days,,,,,,,,,,,,,,
,,,,,,,,,,,,,,,
,,,,,,,,,,,,,,,
================== SECTION 2: MONTHLY COST STRUCTURE ==================,,,,,,,,,,,,,,,
,,,,,,,,,,,,,,,
Cost Category,Monthly (₹),Annual (₹),% of Total,Notes,,,,,,,,,,,
Engineering (2 full-stack developers),250000,3000000,55.6%,Senior devs at ₹1.25L each,,,,,,,,,,,
Sales & School Onboarding (2 RMs),120000,1440000,26.7%,Field + inside sales,,,,,,,,,,,
Infrastructure & Tools,30000,360000,6.7%,Cloud hosting + 3rd party APIs,,,,,,,,,,,
Legal / Compliance / Ops,20000,240000,4.4%,CA + legal retainer,,,,,,,,,,,
Marketing & Outreach,30000,360000,6.7%,Content + events,,,,,,,,,,,
TOTAL MONTHLY BURN,450000,5400000,100%,,,,,,,,,,,,
,,,,,,,,,,,,,,,
Founder Salary,0,,,Founder continues full-time job during seed phase,,,,,,,,,,,
,,,,,,,,,,,,,,,
,,,,,,,,,,,,,,,
================== SECTION 3: YEAR 1 — MONTHLY MODEL ==================,,,,,,,,,,,,,,,
,,,,,,,,,,,,,,,
,Month 1,Month 2,Month 3,Month 4,Month 5,Month 6,Month 7,Month 8,Month 9,Month 10,Month 11,Month 12,YEAR 1 TOTAL
SCHOOLS,,,,,,,,,,,,,,
New Schools Added,0,2,3,3,4,6,7,10,15,15,15,20,100
Cumulative Schools,0,2,5,8,12,18,25,35,50,65,80,100,
,,,,,,,,,,,,,,
REVENUE,,,,,,,,,,,,,,
Avg Revenue / School / Month (₹),0,8000,8500,9000,9000,9500,10000,10500,11000,11000,11500,12500,
Monthly Recurring Revenue - MRR (₹),0,16000,42500,72000,108000,171000,250000,367500,550000,715000,920000,1250000,
Annual Recurring Revenue - ARR (₹),0,192000,510000,864000,1296000,2052000,3000000,4410000,6600000,8580000,11040000,15000000,
,,,,,,,,,,,,,,
COSTS,,,,,,,,,,,,,,
Total Monthly Burn (₹),450000,450000,450000,450000,450000,450000,450000,450000,450000,450000,450000,450000,5400000
,,,,,,,,,,,,,,
NET CASH FLOW,,,,,,,,,,,,,,
Net Monthly (₹),-450000,-434000,-407500,-378000,-342000,-279000,-200000,-82500,100000,265000,470000,800000,
Cumulative P&L (₹),-450000,-884000,-1291500,-1669500,-2011500,-2290500,-2490500,-2573000,-2473000,-2208000,-1738000,-938000,
,,,,,,,,,,,,,,
CASH POSITION,,,,,,,,,,,,,,
Opening Cash (₹),20000000,19550000,19116000,18708500,18330500,17988500,17709500,17509500,17427000,17527000,17792000,18262000,
Net Cash Flow (₹),-450000,-434000,-407500,-378000,-342000,-279000,-200000,-82500,100000,265000,470000,800000,
Closing Cash (₹),19550000,19116000,18708500,18330500,17988500,17709500,17509500,17427000,17527000,17792000,18262000,19062000,
,,,,,,,,,,,,,,
KEY MILESTONES,,,,,,,,,,,,,,
Milestone,,,,,,,,,,,,,,
,Hiring begins,First 2 paid schools,5 schools live,Admin portal MVP,,20 schools,,,Cash flow positive,50 schools,,100 schools ₹1.5Cr ARR
,,,,,,,,,,,,,,
,,,,,,,,,,,,,,
================== SECTION 4: YEAR 2 & 3 PROJECTIONS ==================,,,,,,,,,,,,,,,
,,,,,,,,,,,,,,
,Q5 (M13-15),Q6 (M16-18),Q7 (M19-21),Q8 (M22-24),YEAR 2 TOTAL,YEAR 3 (Annual),
Schools (cumulative end of period),150,250,400,600,,1200,
New Schools in Period,50,100,150,200,,600,
,,,,,,,,,,,,,,
MRR at End of Period (₹),1875000,3125000,5000000,7500000,,15000000,
Quarterly Revenue (₹),5062500,9375000,15000000,22500000,51937500,,
Annual Revenue (₹),,,,,51937500,180000000,
Annual ARR (₹),22500000,37500000,60000000,90000000,,180000000,
,,,,,,,,,,,,,,
Monthly Burn (₹),600000,800000,1100000,1500000,,,
(Burn increases as team scales to support growth),,,,,,,
Quarterly Burn (₹),1800000,2400000,3300000,4500000,12000000,,
Annual Burn (₹),,,,,12000000,25000000,
,,,,,,,,,,,,,,
Quarterly Net Profit (₹),3262500,6975000,11700000,18000000,39937500,,
Annual Net (₹),,,,,39937500,155000000,
,,,,,,,,,,,,,,
,,,,,,,,,,,,,,
================== SECTION 5: 3-YEAR SUMMARY ==================,,,,,,,,,,,,,,,
,,,,,,,,,,,,,,
Metric,Year 1 (post-seed),Year 2,Year 3,
Schools (end of year),100,600,1200,
MRR (end of year ₹),1250000,7500000,15000000,
ARR (₹),15000000,90000000,180000000,
ARR (USD approx),180000,1080000,2160000,
Annual Revenue (₹),938000,51937500,180000000,
Annual Burn (₹),5400000,12000000,25000000,
Net Cash Flow (₹),-4462000,39937500,155000000,
Closing Cash (₹),19062000,58999500,213999500,
,,,,,,,,,,,,,,
Cash Flow Positive (Month),Month 9,From Month 1,From Month 1,
Funding Required After Seed,None (self-sustaining),Series A optional,Scale capital,
,,,,,,,,,,,,,,
,,,,,,,,,,,,,,
================== SECTION 6: UNIT ECONOMICS ==================,,,,,,,,,,,,,,,
,,,,,,,,,,,,,,
Metric,Value,Notes,
Average Revenue Per School / Month (₹),12500,Blended across plans,
Average Revenue Per School / Year (₹),150000,,
Customer Acquisition Cost - CAC (₹),15000,1 RM onboards ~8 schools/month at ₹1.2L salary,
Lifetime Value - LTV (₹),750000,5 years × ₹1.5L/year (conservative),
LTV : CAC Ratio,50x,Exceptional — typical SaaS target is 3x+,
Gross Margin,90%,Infrastructure cost ~10% of revenue,
Payback Period (months),1.2,CAC recovered in 6 weeks,
,,,,,,,,,,,,,,
Revenue Per Parent / Year (₹),125,500 parents per school / ₹1.5L school revenue,
vs. Current Market Price,1500,Parents pay ₹1,500/student to competitor apps,
SchoolPuls Price Advantage,88% cheaper,vs. per-student billing competitors,
,,,,,,,,,,,,,,
,,,,,,,,,,,,,,
================== SECTION 7: FUNDING & CAPITAL ==================,,,,,,,,,,,,,,,
,,,,,,,,,,,,,,
Round,Amount (₹),Valuation Pre-Money (₹),Dilution,Timeline,
Seed (current),20000000,100000000,16.7%,Q2 2026,
Series A (projected),75000000,750000000,9.1%,Q2 2027 (Month 12-14),
Series B (projected),300000000,3000000000,9.1%,2028-29,
,,,,,,,,,,,,,,
Cap Table Post-Seed,Shares %,,,,
Sreedhara GS (Founder),83.3%,,,,
Tetration Ventures (Seed),16.7%,,,,
,,,,,,,,,,,,,,
,,,,,,,,,,,,,,
================== SECTION 8: REVENUE SCENARIOS ==================,,,,,,,,,,,,,,,
,,,,,,,,,,,,,,
Scenario,Schools (M12),Avg ARPU/mo (₹),MRR (₹),ARR (₹),Notes,
Bear Case,60,10000,600000,7200000,Slow adoption / longer sales cycle,
Base Case,100,12500,1250000,15000000,Current plan,
Bull Case,150,14000,2100000,25200000,Strong referral flywheel kicks in early,
,,,,,,,,,,,,,,
Break-even Schools Required,36,,,At ₹12500 avg and ₹4.5L burn — achievable by Month 6-7,
,,,,,,,,,,,,,,
,,,,,,,,,,,,,,
================== END OF MODEL ==================,,,,,,,,,,,,,,,
SchoolPuls Technologies Pvt Ltd | sreedhargs2026@gmail.com | +91 98803 21906 | www.schoolpuls.in,,,,,,,,,,,,,,,
